seed_id,target,program_structure,concrete_opcode_or_interaction,instruction_family,input,native_verify_accept,executed_steps,register_writebacks,static_writeback_sites,main_symbol_range,opcode_census,guest_source,guest_elf
op_add,pico,Single operation,ADD,base-ALU,"0x123456789ABCDEF0,13",true,5184,4661,4554,0x200bb8-0x200d50,ADD:941:991 ADDW:12:13 AND:248:261 AUIPC:22:29 JALR:19:25 LB:16:16 LBU:73:73 LD:384:399 LW:18:18 LWU:8:8 MUL:17:18 OR:671:672 SLL:665:667 SLLW:8:8 SLTU:12:16 SRL:27:27 SRLW:682:682 SUB:15:20 SUBW:8:8 XOR:708:710,guests/lacuna_seeds/src/bin/op_add.rs,guests/lacuna_seeds/elf/op_add
op_sub,pico,Single operation,SUB,base-ALU,"0x123456789ABCDEF0,13",true,5184,4661,4554,0x200bb8-0x200d50,ADD:940:990 ADDW:12:13 AND:248:261 AUIPC:22:29 JALR:19:25 LB:16:16 LBU:73:73 LD:384:399 LW:18:18 LWU:8:8 MUL:17:18 OR:671:672 SLL:665:667 SLLW:8:8 SLTU:12:16 SRL:27:27 SRLW:682:682 SUB:16:21 SUBW:8:8 XOR:708:710,guests/lacuna_seeds/src/bin/op_sub.rs,guests/lacuna_seeds/elf/op_sub
op_xor,pico,Single operation,XOR,base-ALU,"0x123456789ABCDEF0,13",true,5184,4661,4554,0x200bb8-0x200d50,ADD:940:990 ADDW:12:13 AND:248:261 AUIPC:22:29 JALR:19:25 LB:16:16 LBU:73:73 LD:384:399 LW:18:18 LWU:8:8 MUL:17:18 OR:671:672 SLL:665:667 SLLW:8:8 SLTU:12:16 SRL:27:27 SRLW:682:682 SUB:15:20 SUBW:8:8 XOR:709:711,guests/lacuna_seeds/src/bin/op_xor.rs,guests/lacuna_seeds/elf/op_xor
op_or,pico,Single operation,OR,base-ALU,"0x123456789ABCDEF0,13",true,5184,4661,4554,0x200bb8-0x200d50,ADD:940:990 ADDW:12:13 AND:248:261 AUIPC:22:29 JALR:19:25 LB:16:16 LBU:73:73 LD:384:399 LW:18:18 LWU:8:8 MUL:17:18 OR:672:673 SLL:665:667 SLLW:8:8 SLTU:12:16 SRL:27:27 SRLW:682:682 SUB:15:20 SUBW:8:8 XOR:708:710,guests/lacuna_seeds/src/bin/op_or.rs,guests/lacuna_seeds/elf/op_or
op_and,pico,Single operation,AND,base-ALU,"0x123456789ABCDEF0,13",true,5184,4661,4554,0x200bb8-0x200d50,ADD:940:990 ADDW:12:13 AND:249:262 AUIPC:22:29 JALR:19:25 LB:16:16 LBU:73:73 LD:384:399 LW:18:18 LWU:8:8 MUL:17:18 OR:671:672 SLL:665:667 SLLW:8:8 SLTU:12:16 SRL:27:27 SRLW:682:682 SUB:15:20 SUBW:8:8 XOR:708:710,guests/lacuna_seeds/src/bin/op_and.rs,guests/lacuna_seeds/elf/op_and
op_sll,pico,Single operation,SLL,base-ALU,"0x123456789ABCDEF0,13",true,5163,4640,4533,0x200bb8-0x200cfc,ADD:940:990 ADDW:12:13 AND:248:261 AUIPC:22:29 JALR:19:25 LB:16:16 LBU:66:66 LD:384:399 LW:18:18 LWU:8:8 MUL:17:18 OR:664:665 SLL:659:661 SLLW:8:8 SLTU:12:16 SRL:27:27 SRLW:682:682 SUB:15:20 SUBW:8:8 XOR:708:710,guests/lacuna_seeds/src/bin/op_sll.rs,guests/lacuna_seeds/elf/op_sll
op_srl,pico,Single operation,SRL,base-ALU,"0x123456789ABCDEF0,13",true,5163,4640,4533,0x200bb8-0x200cfc,ADD:940:990 ADDW:12:13 AND:248:261 AUIPC:22:29 JALR:19:25 LB:16:16 LBU:66:66 LD:384:399 LW:18:18 LWU:8:8 MUL:17:18 OR:664:665 SLL:658:660 SLLW:8:8 SLTU:12:16 SRL:28:28 SRLW:682:682 SUB:15:20 SUBW:8:8 XOR:708:710,guests/lacuna_seeds/src/bin/op_srl.rs,guests/lacuna_seeds/elf/op_srl
op_sra,pico,Single operation,SRA,base-ALU,"0x123456789ABCDEF0,13",true,5163,4640,4533,0x200bb8-0x200cfc,ADD:940:990 ADDW:12:13 AND:248:261 AUIPC:22:29 JALR:19:25 LB:16:16 LBU:66:66 LD:384:399 LW:18:18 LWU:8:8 MUL:17:18 OR:664:665 SLL:658:660 SLLW:8:8 SLTU:12:16 SRA:1:1 SRL:27:27 SRLW:682:682 SUB:15:20 SUBW:8:8 XOR:708:710,guests/lacuna_seeds/src/bin/op_sra.rs,guests/lacuna_seeds/elf/op_sra
op_slt,pico,Single operation,SLT,base-ALU,"0x123456789ABCDEF0,13",true,5184,4661,4554,0x200bb8-0x200d50,ADD:940:990 ADDW:12:13 AND:248:261 AUIPC:22:29 JALR:19:25 LB:16:16 LBU:73:73 LD:384:399 LW:18:18 LWU:8:8 MUL:17:18 OR:671:672 SLL:665:667 SLLW:8:8 SLT:1:1 SLTU:12:16 SRL:27:27 SRLW:682:682 SUB:15:20 SUBW:8:8 XOR:708:710,guests/lacuna_seeds/src/bin/op_slt.rs,guests/lacuna_seeds/elf/op_slt
op_sltu,pico,Single operation,SLTU,base-ALU,"0x123456789ABCDEF0,13",true,5184,4661,4554,0x200bb8-0x200d50,ADD:940:990 ADDW:12:13 AND:248:261 AUIPC:22:29 JALR:19:25 LB:16:16 LBU:73:73 LD:384:399 LW:18:18 LWU:8:8 MUL:17:18 OR:671:672 SLL:665:667 SLLW:8:8 SLTU:13:17 SRL:27:27 SRLW:682:682 SUB:15:20 SUBW:8:8 XOR:708:710,guests/lacuna_seeds/src/bin/op_sltu.rs,guests/lacuna_seeds/elf/op_sltu
op_mul,pico,Single operation,MUL,M-extension,"0x123456789ABCDEF0,13",true,5184,4661,4554,0x200bb8-0x200d50,ADD:940:990 ADDW:12:13 AND:248:261 AUIPC:22:29 JALR:19:25 LB:16:16 LBU:73:73 LD:384:399 LW:18:18 LWU:8:8 MUL:18:19 OR:671:672 SLL:665:667 SLLW:8:8 SLTU:12:16 SRL:27:27 SRLW:682:682 SUB:15:20 SUBW:8:8 XOR:708:710,guests/lacuna_seeds/src/bin/op_mul.rs,guests/lacuna_seeds/elf/op_mul
op_mulh,pico,Single operation,MULH,M-extension,"0x123456789ABCDEF0,13",true,5184,4661,4554,0x200bb8-0x200d50,ADD:940:990 ADDW:12:13 AND:248:261 AUIPC:22:29 JALR:19:25 LB:16:16 LBU:73:73 LD:384:399 LW:18:18 LWU:8:8 MUL:17:18 MULH:1:1 OR:671:672 SLL:665:667 SLLW:8:8 SLTU:12:16 SRL:27:27 SRLW:682:682 SUB:15:20 SUBW:8:8 XOR:708:710,guests/lacuna_seeds/src/bin/op_mulh.rs,guests/lacuna_seeds/elf/op_mulh
op_mulhu,pico,Single operation,MULHU,M-extension,"0x123456789ABCDEF0,13",true,5184,4661,4554,0x200bb8-0x200d50,ADD:940:990 ADDW:12:13 AND:248:261 AUIPC:22:29 JALR:19:25 LB:16:16 LBU:73:73 LD:384:399 LW:18:18 LWU:8:8 MUL:17:18 MULHU:1:1 OR:671:672 SLL:665:667 SLLW:8:8 SLTU:12:16 SRL:27:27 SRLW:682:682 SUB:15:20 SUBW:8:8 XOR:708:710,guests/lacuna_seeds/src/bin/op_mulhu.rs,guests/lacuna_seeds/elf/op_mulhu
op_div,pico,Single operation,DIV,M-extension,"0x123456789ABCDEF0,13",true,5188,4664,4557,0x200bb8-0x200d64,ADD:941:991 ADDW:12:13 AND:248:261 AUIPC:22:29 DIV:1:1 JALR:19:25 LB:16:16 LBU:73:73 LD:384:399 LW:18:18 LWU:8:8 MUL:17:18 OR:672:673 SLL:666:668 SLLW:8:8 SLTU:12:16 SRL:27:27 SRLW:682:682 SUB:15:20 SUBW:8:8 XOR:708:710,guests/lacuna_seeds/src/bin/op_div.rs,guests/lacuna_seeds/elf/op_div
op_divu,pico,Single operation,DIVU,M-extension,"0x123456789ABCDEF0,13",true,5185,4662,4555,0x200bb8-0x200d54,ADD:940:990 ADDW:12:13 AND:248:261 AUIPC:22:29 DIVU:1:1 JALR:19:25 LB:16:16 LBU:73:73 LD:384:399 LW:18:18 LWU:8:8 MUL:17:18 OR:672:673 SLL:665:667 SLLW:8:8 SLTU:12:16 SRL:27:27 SRLW:682:682 SUB:15:20 SUBW:8:8 XOR:708:710,guests/lacuna_seeds/src/bin/op_divu.rs,guests/lacuna_seeds/elf/op_divu
op_rem,pico,Single operation,REM,M-extension,"0x123456789ABCDEF0,13",true,5187,4663,4556,0x200bb8-0x200d64,ADD:941:991 ADDW:12:13 AND:248:261 AUIPC:22:29 JALR:19:25 LB:16:16 LBU:73:73 LD:384:399 LW:18:18 LWU:8:8 MUL:17:18 OR:672:673 REM:1:1 SLL:665:667 SLLW:8:8 SLTU:12:16 SRL:27:27 SRLW:682:682 SUB:15:20 SUBW:8:8 XOR:708:710,guests/lacuna_seeds/src/bin/op_rem.rs,guests/lacuna_seeds/elf/op_rem
op_remu,pico,Single operation,REMU,M-extension,"0x123456789ABCDEF0,13",true,5185,4662,4555,0x200bb8-0x200d54,ADD:940:990 ADDW:12:13 AND:248:261 AUIPC:22:29 JALR:19:25 LB:16:16 LBU:73:73 LD:384:399 LW:18:18 LWU:8:8 MUL:17:18 OR:672:673 REMU:1:1 SLL:665:667 SLLW:8:8 SLTU:12:16 SRL:27:27 SRLW:682:682 SUB:15:20 SUBW:8:8 XOR:708:710,guests/lacuna_seeds/src/bin/op_remu.rs,guests/lacuna_seeds/elf/op_remu
op_addw,pico,Single operation,ADDW,base-ALU,"0x123456789ABCDEF0,13",true,5172,4649,4542,0x200bb8-0x200d20,ADD:940:990 ADDW:13:14 AND:248:261 AUIPC:22:29 JALR:19:25 LB:16:16 LBU:69:69 LD:384:399 LW:18:18 LWU:8:8 MUL:17:18 OR:667:668 SLL:661:663 SLLW:8:8 SLTU:12:16 SRL:27:27 SRLW:682:682 SUB:15:20 SUBW:8:8 XOR:708:710,guests/lacuna_seeds/src/bin/op_addw.rs,guests/lacuna_seeds/elf/op_addw
op_subw,pico,Single operation,SUBW,base-ALU,"0x123456789ABCDEF0,13",true,5172,4649,4542,0x200bb8-0x200d20,ADD:940:990 ADDW:12:13 AND:248:261 AUIPC:22:29 JALR:19:25 LB:16:16 LBU:69:69 LD:384:399 LW:18:18 LWU:8:8 MUL:17:18 OR:667:668 SLL:661:663 SLLW:8:8 SLTU:12:16 SRL:27:27 SRLW:682:682 SUB:15:20 SUBW:9:9 XOR:708:710,guests/lacuna_seeds/src/bin/op_subw.rs,guests/lacuna_seeds/elf/op_subw
op_sllw,pico,Single operation,SLLW,base-ALU,"0x123456789ABCDEF0,13",true,5163,4640,4533,0x200bb8-0x200cfc,ADD:940:990 ADDW:12:13 AND:248:261 AUIPC:22:29 JALR:19:25 LB:16:16 LBU:66:66 LD:384:399 LW:18:18 LWU:8:8 MUL:17:18 OR:664:665 SLL:658:660 SLLW:9:9 SLTU:12:16 SRL:27:27 SRLW:682:682 SUB:15:20 SUBW:8:8 XOR:708:710,guests/lacuna_seeds/src/bin/op_sllw.rs,guests/lacuna_seeds/elf/op_sllw
op_srlw,pico,Single operation,SRLW,base-ALU,"0x123456789ABCDEF0,13",true,5163,4640,4533,0x200bb8-0x200cfc,ADD:940:990 ADDW:12:13 AND:248:261 AUIPC:22:29 JALR:19:25 LB:16:16 LBU:66:66 LD:384:399 LW:18:18 LWU:8:8 MUL:17:18 OR:664:665 SLL:658:660 SLLW:8:8 SLTU:12:16 SRL:27:27 SRLW:683:683 SUB:15:20 SUBW:8:8 XOR:708:710,guests/lacuna_seeds/src/bin/op_srlw.rs,guests/lacuna_seeds/elf/op_srlw
op_sraw,pico,Single operation,SRAW,base-ALU,"0x123456789ABCDEF0,13",true,5163,4640,4533,0x200bb8-0x200cfc,ADD:940:990 ADDW:12:13 AND:248:261 AUIPC:22:29 JALR:19:25 LB:16:16 LBU:66:66 LD:384:399 LW:18:18 LWU:8:8 MUL:17:18 OR:664:665 SLL:658:660 SLLW:8:8 SLTU:12:16 SRAW:1:1 SRL:27:27 SRLW:682:682 SUB:15:20 SUBW:8:8 XOR:708:710,guests/lacuna_seeds/src/bin/op_sraw.rs,guests/lacuna_seeds/elf/op_sraw
op_mulw,pico,Single operation,MULW,M-extension,"0x123456789ABCDEF0,13",true,5172,4649,4542,0x200bb8-0x200d20,ADD:940:990 ADDW:12:13 AND:248:261 AUIPC:22:29 JALR:19:25 LB:16:16 LBU:69:69 LD:384:399 LW:18:18 LWU:8:8 MUL:17:18 MULW:1:1 OR:667:668 SLL:661:663 SLLW:8:8 SLTU:12:16 SRL:27:27 SRLW:682:682 SUB:15:20 SUBW:8:8 XOR:708:710,guests/lacuna_seeds/src/bin/op_mulw.rs,guests/lacuna_seeds/elf/op_mulw
op_divw,pico,Single operation,DIVW,M-extension,"0x123456789ABCDEF0,13",false,NA,NA,NA,0x200bb8-0x200d38,NA,guests/lacuna_seeds/src/bin/op_divw.rs,guests/lacuna_seeds/elf/op_divw
op_divuw,pico,Single operation,DIVUW,M-extension,"0x123456789ABCDEF0,13",false,NA,NA,NA,0x200bb8-0x200d24,NA,guests/lacuna_seeds/src/bin/op_divuw.rs,guests/lacuna_seeds/elf/op_divuw
op_remw,pico,Single operation,REMW,M-extension,"0x123456789ABCDEF0,13",false,NA,NA,NA,0x200bb8-0x200d34,NA,guests/lacuna_seeds/src/bin/op_remw.rs,guests/lacuna_seeds/elf/op_remw
op_remuw,pico,Single operation,REMUW,M-extension,"0x123456789ABCDEF0,13",false,NA,NA,NA,0x200bb8-0x200d24,NA,guests/lacuna_seeds/src/bin/op_remuw.rs,guests/lacuna_seeds/elf/op_remuw
op_addi,pico,Single operation,ADD,base-ALU,"0x123456789ABCDEF0,13",true,5161,4638,4531,0x200bb8-0x200cf4,ADD:941:991 ADDW:12:13 AND:248:261 AUIPC:22:29 JALR:19:25 LB:16:16 LBU:65:65 LD:383:398 LW:18:18 LWU:8:8 MUL:17:18 OR:664:665 SLL:658:660 SLLW:8:8 SLTU:12:16 SRL:27:27 SRLW:682:682 SUB:15:20 SUBW:8:8 XOR:708:710,guests/lacuna_seeds/src/bin/op_addi.rs,guests/lacuna_seeds/elf/op_addi
op_slli,pico,Single operation,SLL,base-ALU,"0x123456789ABCDEF0,13",true,5161,4638,4531,0x200bb8-0x200cf4,ADD:940:990 ADDW:12:13 AND:248:261 AUIPC:22:29 JALR:19:25 LB:16:16 LBU:65:65 LD:383:398 LW:18:18 LWU:8:8 MUL:17:18 OR:664:665 SLL:659:661 SLLW:8:8 SLTU:12:16 SRL:27:27 SRLW:682:682 SUB:15:20 SUBW:8:8 XOR:708:710,guests/lacuna_seeds/src/bin/op_slli.rs,guests/lacuna_seeds/elf/op_slli
op_srli,pico,Single operation,SRL,base-ALU,"0x123456789ABCDEF0,13",true,5161,4638,4531,0x200bb8-0x200cf4,ADD:940:990 ADDW:12:13 AND:248:261 AUIPC:22:29 JALR:19:25 LB:16:16 LBU:65:65 LD:383:398 LW:18:18 LWU:8:8 MUL:17:18 OR:664:665 SLL:658:660 SLLW:8:8 SLTU:12:16 SRL:28:28 SRLW:682:682 SUB:15:20 SUBW:8:8 XOR:708:710,guests/lacuna_seeds/src/bin/op_srli.rs,guests/lacuna_seeds/elf/op_srli
op_srliw,pico,Single operation,SRLW,base-ALU,"0x123456789ABCDEF0,13",true,5161,4638,4531,0x200bb8-0x200cf4,ADD:940:990 ADDW:12:13 AND:248:261 AUIPC:22:29 JALR:19:25 LB:16:16 LBU:65:65 LD:383:398 LW:18:18 LWU:8:8 MUL:17:18 OR:664:665 SLL:658:660 SLLW:8:8 SLTU:12:16 SRL:27:27 SRLW:683:683 SUB:15:20 SUBW:8:8 XOR:708:710,guests/lacuna_seeds/src/bin/op_srliw.rs,guests/lacuna_seeds/elf/op_srliw
st_store_load,pico,Store--load,LD,memory,"0x1111111111111111,0x2222222222222222",true,5187,4662,4555,0x200bb8-0x200d5c,ADD:941:991 ADDW:12:13 AND:248:261 AUIPC:22:29 JALR:19:25 LB:16:16 LBU:73:73 LD:385:400 LW:18:18 LWU:8:8 MUL:17:18 OR:671:672 SLL:665:667 SLLW:8:8 SLTU:12:16 SRL:27:27 SRLW:682:682 SUB:15:20 SUBW:8:8 XOR:708:710,guests/lacuna_seeds/src/bin/st_store_load.rs,guests/lacuna_seeds/elf/st_store_load
st_store_load_tail,pico,Store--load,LD,memory,"0x1111111111111111,0x2222222222222222,0x3333333333333333",true,5324,4764,4590,0x200bb8-0x200e0c,ADD:943:1024 ADDW:12:14 AND:248:266 AUIPC:23:37 JALR:20:32 LB:16:16 LBU:81:81 LD:394:416 LW:18:18 LWU:8:8 MUL:17:18 OR:678:679 SLL:672:676 SLLW:8:8 SLTU:12:20 SRL:27:27 SRLW:682:682 SUB:15:22 SUBW:8:8 XOR:708:712,guests/lacuna_seeds/src/bin/st_store_load_tail.rs,guests/lacuna_seeds/elf/st_store_load_tail
st_hazard_chain,pico,Hazard chain,ADD,base-ALU,"0x1111111111111111,0x2222222222222222",true,5185,4662,4555,0x200bb8-0x200d54,ADD:942:992 ADDW:12:13 AND:248:261 AUIPC:22:29 JALR:19:25 LB:16:16 LBU:73:73 LD:384:399 LW:18:18 LWU:8:8 MUL:17:18 OR:671:672 SLL:665:667 SLLW:8:8 SLTU:12:16 SRL:27:27 SRLW:682:682 SUB:15:20 SUBW:8:8 XOR:708:710,guests/lacuna_seeds/src/bin/st_hazard_chain.rs,guests/lacuna_seeds/elf/st_hazard_chain
st_redirect,pico,Redirect,LD,memory,"0x1111111111111111,0x2222222222222222",true,5188,4663,4556,0x200bb8-0x200d60,ADD:942:992 ADDW:12:13 AND:248:261 AUIPC:22:29 JALR:19:25 LB:16:16 LBU:73:73 LD:385:400 LW:18:18 LWU:8:8 MUL:17:18 OR:671:672 SLL:665:667 SLLW:8:8 SLTU:12:16 SRL:27:27 SRLW:682:682 SUB:15:20 SUBW:8:8 XOR:708:710,guests/lacuna_seeds/src/bin/st_redirect.rs,guests/lacuna_seeds/elf/st_redirect
st_control_flow,pico,Control flow,"ADD,LD",mixed,"1,0x1111111111111111,0x2222222222222222",true,5313,4752,4578,0x200bb8-0x200e20,ADD:944:1025 ADDW:12:14 AND:248:266 AUIPC:23:37 JALR:20:32 LB:16:16 LBU:81:81 LD:395:417 LW:18:18 LWU:8:8 MUL:17:18 OR:671:672 SLL:665:669 SLLW:8:8 SLTU:12:20 SRL:27:27 SRLW:682:682 SUB:15:22 SUBW:8:8 XOR:708:712,guests/lacuna_seeds/src/bin/st_control_flow.rs,guests/lacuna_seeds/elf/st_control_flow
st_initial_state,pico,Initial state,LD,memory,0,true,5023,4536,4496,0x200bb8-0x200c40,ADD:940:959 ADDW:12:12 AND:248:256 AUIPC:21:21 JALR:18:18 LB:16:16 LBU:57:57 LD:373:381 LW:18:18 LWU:8:8 MUL:17:18 OR:657:658 SLL:651:651 SLLW:8:8 SLTU:12:12 SRL:27:27 SRLW:682:682 SUB:15:18 SUBW:8:8 XOR:708:708,guests/lacuna_seeds/src/bin/st_initial_state.rs,guests/lacuna_seeds/elf/st_initial_state
fib,pico,Whole program,ALL,mixed,10,true,11298,9875,5040,0x200bb8-0x200e6c,ADD:1184:2371 ADDW:15:22 AND:261:543 AUIPC:50:64 JALR:49:64 LB:32:53 LBU:75:161 LD:492:946 LHU:1:2 LW:26:66 LWU:9:10 MUL:20:29 OR:665:1300 SLL:667:1299 SLLW:8:8 SLTU:18:48 SRL:42:46 SRLW:682:1354 SUB:25:60 SUBW:10:15 XOR:709:1414,(pico in-tree fibonacci ELF; no source in this repo),<upstream>/pico/vm/src/compiler/test_elf/riscv64im-pico-fibnacci-elf
op_add,nexus,Single operation,ADD,base-ALU,see driver,true,10,8,8,NA (whole program is the seed),ADDI:4 LW:1 SW:2 ECALL:1 ADD:1,<upstream>/nexus/prover2/machine/src/lacuna_eval.rs::build_op_elf (programmatic ElfFile; no guest toolchain),NA (built in-process)
op_and,nexus,Single operation,AND,base-ALU,see driver,true,10,8,8,NA (whole program is the seed),ADDI:4 LW:1 SW:2 ECALL:1 AND:1,<upstream>/nexus/prover2/machine/src/lacuna_eval.rs::build_op_elf (programmatic ElfFile; no guest toolchain),NA (built in-process)
op_or,nexus,Single operation,OR,base-ALU,see driver,true,10,8,8,NA (whole program is the seed),ADDI:4 LW:1 SW:2 ECALL:1 OR:1,<upstream>/nexus/prover2/machine/src/lacuna_eval.rs::build_op_elf (programmatic ElfFile; no guest toolchain),NA (built in-process)
op_sll,nexus,Single operation,SLL,base-ALU,see driver,true,10,8,8,NA (whole program is the seed),ADDI:4 LW:1 SW:2 ECALL:1 SLL:1,<upstream>/nexus/prover2/machine/src/lacuna_eval.rs::build_op_elf (programmatic ElfFile; no guest toolchain),NA (built in-process)
op_slt,nexus,Single operation,SLT,base-ALU,see driver,true,10,8,8,NA (whole program is the seed),ADDI:4 LW:1 SW:2 ECALL:1 SLT:1,<upstream>/nexus/prover2/machine/src/lacuna_eval.rs::build_op_elf (programmatic ElfFile; no guest toolchain),NA (built in-process)
op_sltu,nexus,Single operation,SLTU,base-ALU,see driver,true,10,8,8,NA (whole program is the seed),ADDI:4 LW:1 SW:2 ECALL:1 SLTU:1,<upstream>/nexus/prover2/machine/src/lacuna_eval.rs::build_op_elf (programmatic ElfFile; no guest toolchain),NA (built in-process)
op_sra,nexus,Single operation,SRA,base-ALU,see driver,true,10,8,8,NA (whole program is the seed),ADDI:4 LW:1 SW:2 ECALL:1 SRA:1,<upstream>/nexus/prover2/machine/src/lacuna_eval.rs::build_op_elf (programmatic ElfFile; no guest toolchain),NA (built in-process)
op_srl,nexus,Single operation,SRL,base-ALU,see driver,true,10,8,8,NA (whole program is the seed),ADDI:4 LW:1 SW:2 ECALL:1 SRL:1,<upstream>/nexus/prover2/machine/src/lacuna_eval.rs::build_op_elf (programmatic ElfFile; no guest toolchain),NA (built in-process)
op_sub,nexus,Single operation,SUB,base-ALU,see driver,true,10,8,8,NA (whole program is the seed),ADDI:4 LW:1 SW:2 ECALL:1 SUB:1,<upstream>/nexus/prover2/machine/src/lacuna_eval.rs::build_op_elf (programmatic ElfFile; no guest toolchain),NA (built in-process)
op_xor,nexus,Single operation,XOR,base-ALU,see driver,true,10,8,8,NA (whole program is the seed),ADDI:4 LW:1 SW:2 ECALL:1 XOR:1,<upstream>/nexus/prover2/machine/src/lacuna_eval.rs::build_op_elf (programmatic ElfFile; no guest toolchain),NA (built in-process)
op_add,openvm,Single operation,ADD,base-ALU,"a=0x87654321, b=0x12345678 (see driver)",true,7,NA,NA,NA (whole program is the seed),NA,<upstream>/openvm/extensions/rv32im/tests/src/lacuna_eval.rs::build_words,NA (built in-process)
op_and,openvm,Single operation,AND,base-ALU,"a=0x87654321, b=0x12345678 (see driver)",true,7,NA,NA,NA (whole program is the seed),NA,<upstream>/openvm/extensions/rv32im/tests/src/lacuna_eval.rs::build_words,NA (built in-process)
op_div,openvm,Single operation,DIV,M-extension,"a=0x87654321, b=0x12345678 (see driver)",true,7,NA,NA,NA (whole program is the seed),NA,<upstream>/openvm/extensions/rv32im/tests/src/lacuna_eval.rs::build_words,NA (built in-process)
op_divu,openvm,Single operation,DIVU,M-extension,"a=0x87654321, b=0x12345678 (see driver)",true,7,NA,NA,NA (whole program is the seed),NA,<upstream>/openvm/extensions/rv32im/tests/src/lacuna_eval.rs::build_words,NA (built in-process)
op_mul,openvm,Single operation,MUL,M-extension,"a=0x87654321, b=0x12345678 (see driver)",true,7,NA,NA,NA (whole program is the seed),NA,<upstream>/openvm/extensions/rv32im/tests/src/lacuna_eval.rs::build_words,NA (built in-process)
op_mulh,openvm,Single operation,MULH,M-extension,"a=0x87654321, b=0x12345678 (see driver)",true,7,NA,NA,NA (whole program is the seed),NA,<upstream>/openvm/extensions/rv32im/tests/src/lacuna_eval.rs::build_words,NA (built in-process)
op_mulhsu,openvm,Single operation,MULHSU,M-extension,"a=0x87654321, b=0x12345678 (see driver)",true,7,NA,NA,NA (whole program is the seed),NA,<upstream>/openvm/extensions/rv32im/tests/src/lacuna_eval.rs::build_words,NA (built in-process)
op_mulhu,openvm,Single operation,MULHU,M-extension,"a=0x87654321, b=0x12345678 (see driver)",true,7,NA,NA,NA (whole program is the seed),NA,<upstream>/openvm/extensions/rv32im/tests/src/lacuna_eval.rs::build_words,NA (built in-process)
op_or,openvm,Single operation,OR,base-ALU,"a=0x87654321, b=0x12345678 (see driver)",true,7,NA,NA,NA (whole program is the seed),NA,<upstream>/openvm/extensions/rv32im/tests/src/lacuna_eval.rs::build_words,NA (built in-process)
op_rem,openvm,Single operation,REM,M-extension,"a=0x87654321, b=0x12345678 (see driver)",true,7,NA,NA,NA (whole program is the seed),NA,<upstream>/openvm/extensions/rv32im/tests/src/lacuna_eval.rs::build_words,NA (built in-process)
op_remu,openvm,Single operation,REMU,M-extension,"a=0x87654321, b=0x12345678 (see driver)",true,7,NA,NA,NA (whole program is the seed),NA,<upstream>/openvm/extensions/rv32im/tests/src/lacuna_eval.rs::build_words,NA (built in-process)
op_sll,openvm,Single operation,SLL,base-ALU,"a=0x87654321, b=0x12345678 (see driver)",true,7,NA,NA,NA (whole program is the seed),NA,<upstream>/openvm/extensions/rv32im/tests/src/lacuna_eval.rs::build_words,NA (built in-process)
op_slt,openvm,Single operation,SLT,base-ALU,"a=0x87654321, b=0x12345678 (see driver)",true,7,NA,NA,NA (whole program is the seed),NA,<upstream>/openvm/extensions/rv32im/tests/src/lacuna_eval.rs::build_words,NA (built in-process)
op_sltu,openvm,Single operation,SLTU,base-ALU,"a=0x87654321, b=0x12345678 (see driver)",true,7,NA,NA,NA (whole program is the seed),NA,<upstream>/openvm/extensions/rv32im/tests/src/lacuna_eval.rs::build_words,NA (built in-process)
op_sra,openvm,Single operation,SRA,base-ALU,"a=0x87654321, b=0x12345678 (see driver)",true,7,NA,NA,NA (whole program is the seed),NA,<upstream>/openvm/extensions/rv32im/tests/src/lacuna_eval.rs::build_words,NA (built in-process)
op_srl,openvm,Single operation,SRL,base-ALU,"a=0x87654321, b=0x12345678 (see driver)",true,7,NA,NA,NA (whole program is the seed),NA,<upstream>/openvm/extensions/rv32im/tests/src/lacuna_eval.rs::build_words,NA (built in-process)
op_sub,openvm,Single operation,SUB,base-ALU,"a=0x87654321, b=0x12345678 (see driver)",true,7,NA,NA,NA (whole program is the seed),NA,<upstream>/openvm/extensions/rv32im/tests/src/lacuna_eval.rs::build_words,NA (built in-process)
op_xor,openvm,Single operation,XOR,base-ALU,"a=0x87654321, b=0x12345678 (see driver)",true,7,NA,NA,NA (whole program is the seed),NA,<upstream>/openvm/extensions/rv32im/tests/src/lacuna_eval.rs::build_words,NA (built in-process)
op_add,ceno,Single operation,ADD,base-ALU,"a=0x5A5, b=13",true,11,9,9,NA (whole program is the seed),NA,<upstream>/ceno/ceno_zkvm/src/lacuna_eval.rs::build_op_program:84-108,NA (built in-process)
op_and,ceno,Single operation,AND,base-ALU,"a=0x5A5, b=13",true,11,9,9,NA (whole program is the seed),NA,<upstream>/ceno/ceno_zkvm/src/lacuna_eval.rs::build_op_program:84-108,NA (built in-process)
op_div,ceno,Single operation,DIV,M-extension,"a=0x5A5, b=13",true,11,9,9,NA (whole program is the seed),NA,<upstream>/ceno/ceno_zkvm/src/lacuna_eval.rs::build_op_program:84-108,NA (built in-process)
op_divu,ceno,Single operation,DIVU,M-extension,"a=0x5A5, b=13",true,11,9,9,NA (whole program is the seed),NA,<upstream>/ceno/ceno_zkvm/src/lacuna_eval.rs::build_op_program:84-108,NA (built in-process)
op_mul,ceno,Single operation,MUL,M-extension,"a=0x5A5, b=13",true,11,9,9,NA (whole program is the seed),NA,<upstream>/ceno/ceno_zkvm/src/lacuna_eval.rs::build_op_program:84-108,NA (built in-process)
op_mulh,ceno,Single operation,MULH,M-extension,"a=0x5A5, b=13",true,11,9,9,NA (whole program is the seed),NA,<upstream>/ceno/ceno_zkvm/src/lacuna_eval.rs::build_op_program:84-108,NA (built in-process)
op_mulhsu,ceno,Single operation,MULHSU,M-extension,"a=0x5A5, b=13",true,11,9,9,NA (whole program is the seed),NA,<upstream>/ceno/ceno_zkvm/src/lacuna_eval.rs::build_op_program:84-108,NA (built in-process)
op_mulhu,ceno,Single operation,MULHU,M-extension,"a=0x5A5, b=13",true,11,9,9,NA (whole program is the seed),NA,<upstream>/ceno/ceno_zkvm/src/lacuna_eval.rs::build_op_program:84-108,NA (built in-process)
op_or,ceno,Single operation,OR,base-ALU,"a=0x5A5, b=13",true,11,9,9,NA (whole program is the seed),NA,<upstream>/ceno/ceno_zkvm/src/lacuna_eval.rs::build_op_program:84-108,NA (built in-process)
op_rem,ceno,Single operation,REM,M-extension,"a=0x5A5, b=13",true,11,9,9,NA (whole program is the seed),NA,<upstream>/ceno/ceno_zkvm/src/lacuna_eval.rs::build_op_program:84-108,NA (built in-process)
op_remu,ceno,Single operation,REMU,M-extension,"a=0x5A5, b=13",true,11,9,9,NA (whole program is the seed),NA,<upstream>/ceno/ceno_zkvm/src/lacuna_eval.rs::build_op_program:84-108,NA (built in-process)
op_sll,ceno,Single operation,SLL,base-ALU,"a=0x5A5, b=13",true,11,9,9,NA (whole program is the seed),NA,<upstream>/ceno/ceno_zkvm/src/lacuna_eval.rs::build_op_program:84-108,NA (built in-process)
op_slt,ceno,Single operation,SLT,base-ALU,"a=0x5A5, b=13",true,11,9,9,NA (whole program is the seed),NA,<upstream>/ceno/ceno_zkvm/src/lacuna_eval.rs::build_op_program:84-108,NA (built in-process)
op_sltu,ceno,Single operation,SLTU,base-ALU,"a=0x5A5, b=13",true,11,9,9,NA (whole program is the seed),NA,<upstream>/ceno/ceno_zkvm/src/lacuna_eval.rs::build_op_program:84-108,NA (built in-process)
op_sra,ceno,Single operation,SRA,base-ALU,"a=0x5A5, b=13",true,11,9,9,NA (whole program is the seed),NA,<upstream>/ceno/ceno_zkvm/src/lacuna_eval.rs::build_op_program:84-108,NA (built in-process)
op_srl,ceno,Single operation,SRL,base-ALU,"a=0x5A5, b=13",true,11,9,9,NA (whole program is the seed),NA,<upstream>/ceno/ceno_zkvm/src/lacuna_eval.rs::build_op_program:84-108,NA (built in-process)
op_sub,ceno,Single operation,SUB,base-ALU,"a=0x5A5, b=13",true,11,9,9,NA (whole program is the seed),NA,<upstream>/ceno/ceno_zkvm/src/lacuna_eval.rs::build_op_program:84-108,NA (built in-process)
op_xor,ceno,Single operation,XOR,base-ALU,"a=0x5A5, b=13",true,11,9,9,NA (whole program is the seed),NA,<upstream>/ceno/ceno_zkvm/src/lacuna_eval.rs::build_op_program:84-108,NA (built in-process)
ADD_single_op,risc0,Single operation,ADD,base-ALU,"a=0x12345679, b=0x000000B7",true,11,11,11,NA (whole program is the seed),NA,<upstream>/risc0/risc0/circuit/rv32im/src/prove/lacuna_eval.rs::build_seed:153,NA (built in-process)
AND_single_op,risc0,Single operation,AND,base-ALU,"a=0x12345679, b=0x000000B7",true,11,11,11,NA (whole program is the seed),NA,<upstream>/risc0/risc0/circuit/rv32im/src/prove/lacuna_eval.rs::build_seed:153,NA (built in-process)
DIVU_single_op,risc0,Single operation,DIVU,M-extension,"a=0x12345679, b=0x000000B7",true,11,11,11,NA (whole program is the seed),NA,<upstream>/risc0/risc0/circuit/rv32im/src/prove/lacuna_eval.rs::build_seed:153,NA (built in-process)
DIV_single_op,risc0,Single operation,DIV,M-extension,"a=0x12345679, b=0x000000B7",true,11,11,11,NA (whole program is the seed),NA,<upstream>/risc0/risc0/circuit/rv32im/src/prove/lacuna_eval.rs::build_seed:153,NA (built in-process)
MULHSU_single_op,risc0,Single operation,MULHSU,M-extension,"a=0x12345679, b=0x000000B7",true,11,11,11,NA (whole program is the seed),NA,<upstream>/risc0/risc0/circuit/rv32im/src/prove/lacuna_eval.rs::build_seed:153,NA (built in-process)
MULHU_single_op,risc0,Single operation,MULHU,M-extension,"a=0x12345679, b=0x000000B7",true,11,11,11,NA (whole program is the seed),NA,<upstream>/risc0/risc0/circuit/rv32im/src/prove/lacuna_eval.rs::build_seed:153,NA (built in-process)
MULH_single_op,risc0,Single operation,MULH,M-extension,"a=0x12345679, b=0x000000B7",true,11,11,11,NA (whole program is the seed),NA,<upstream>/risc0/risc0/circuit/rv32im/src/prove/lacuna_eval.rs::build_seed:153,NA (built in-process)
MUL_single_op,risc0,Single operation,MUL,M-extension,"a=0x12345679, b=0x000000B7",true,11,11,11,NA (whole program is the seed),NA,<upstream>/risc0/risc0/circuit/rv32im/src/prove/lacuna_eval.rs::build_seed:153,NA (built in-process)
OR_single_op,risc0,Single operation,OR,base-ALU,"a=0x12345679, b=0x000000B7",true,11,11,11,NA (whole program is the seed),NA,<upstream>/risc0/risc0/circuit/rv32im/src/prove/lacuna_eval.rs::build_seed:153,NA (built in-process)
REMU_single_op,risc0,Single operation,REMU,M-extension,"a=0x12345679, b=0x000000B7",true,11,11,11,NA (whole program is the seed),NA,<upstream>/risc0/risc0/circuit/rv32im/src/prove/lacuna_eval.rs::build_seed:153,NA (built in-process)
REM_single_op,risc0,Single operation,REM,M-extension,"a=0x12345679, b=0x000000B7",true,11,11,11,NA (whole program is the seed),NA,<upstream>/risc0/risc0/circuit/rv32im/src/prove/lacuna_eval.rs::build_seed:153,NA (built in-process)
SLL_single_op,risc0,Single operation,SLL,base-ALU,"a=0x12345679, b=0x000000B7",true,11,11,11,NA (whole program is the seed),NA,<upstream>/risc0/risc0/circuit/rv32im/src/prove/lacuna_eval.rs::build_seed:153,NA (built in-process)
SLTU_single_op,risc0,Single operation,SLTU,base-ALU,"a=0x12345679, b=0x000000B7",true,11,11,11,NA (whole program is the seed),NA,<upstream>/risc0/risc0/circuit/rv32im/src/prove/lacuna_eval.rs::build_seed:153,NA (built in-process)
SLT_single_op,risc0,Single operation,SLT,base-ALU,"a=0x12345679, b=0x000000B7",true,11,11,11,NA (whole program is the seed),NA,<upstream>/risc0/risc0/circuit/rv32im/src/prove/lacuna_eval.rs::build_seed:153,NA (built in-process)
SRA_single_op,risc0,Single operation,SRA,base-ALU,"a=0x12345679, b=0x000000B7",true,11,11,11,NA (whole program is the seed),NA,<upstream>/risc0/risc0/circuit/rv32im/src/prove/lacuna_eval.rs::build_seed:153,NA (built in-process)
SRL_single_op,risc0,Single operation,SRL,base-ALU,"a=0x12345679, b=0x000000B7",true,11,11,11,NA (whole program is the seed),NA,<upstream>/risc0/risc0/circuit/rv32im/src/prove/lacuna_eval.rs::build_seed:153,NA (built in-process)
SUB_single_op,risc0,Single operation,SUB,base-ALU,"a=0x12345679, b=0x000000B7",true,11,11,11,NA (whole program is the seed),NA,<upstream>/risc0/risc0/circuit/rv32im/src/prove/lacuna_eval.rs::build_seed:153,NA (built in-process)
XOR_single_op,risc0,Single operation,XOR,base-ALU,"a=0x12345679, b=0x000000B7",true,11,11,11,NA (whole program is the seed),NA,<upstream>/risc0/risc0/circuit/rv32im/src/prove/lacuna_eval.rs::build_seed:153,NA (built in-process)
op_add,sp1,Single operation,ADD,base-ALU,"a=0x5A5, b=13 (RV64)",true,14,14,14,NA (whole program is the seed),NA,<upstream>/sp1/crates/prover/src/lacuna_eval.rs::build_op_program:93 / build_op_mem_program:132,NA (built in-process)
op_add_mem,sp1,Store--load,ADD,base-ALU,"a=0x5A5, b=13 (RV64)",true,17,10,10,NA (whole program is the seed),NA,<upstream>/sp1/crates/prover/src/lacuna_eval.rs::build_op_program:93 / build_op_mem_program:132,NA (built in-process)
op_addw,sp1,Single operation,ADDW,base-ALU,"a=0x5A5, b=13 (RV64)",true,14,14,14,NA (whole program is the seed),NA,<upstream>/sp1/crates/prover/src/lacuna_eval.rs::build_op_program:93 / build_op_mem_program:132,NA (built in-process)
op_and,sp1,Single operation,AND,base-ALU,"a=0x5A5, b=13 (RV64)",true,14,14,14,NA (whole program is the seed),NA,<upstream>/sp1/crates/prover/src/lacuna_eval.rs::build_op_program:93 / build_op_mem_program:132,NA (built in-process)
op_div,sp1,Single operation,DIV,M-extension,"a=0x5A5, b=13 (RV64)",true,14,14,14,NA (whole program is the seed),NA,<upstream>/sp1/crates/prover/src/lacuna_eval.rs::build_op_program:93 / build_op_mem_program:132,NA (built in-process)
op_divu,sp1,Single operation,DIVU,M-extension,"a=0x5A5, b=13 (RV64)",true,14,14,14,NA (whole program is the seed),NA,<upstream>/sp1/crates/prover/src/lacuna_eval.rs::build_op_program:93 / build_op_mem_program:132,NA (built in-process)
op_divuw,sp1,Single operation,DIVUW,M-extension,"a=0x5A5, b=13 (RV64)",true,14,14,14,NA (whole program is the seed),NA,<upstream>/sp1/crates/prover/src/lacuna_eval.rs::build_op_program:93 / build_op_mem_program:132,NA (built in-process)
op_divw,sp1,Single operation,DIVW,M-extension,"a=0x5A5, b=13 (RV64)",true,14,14,14,NA (whole program is the seed),NA,<upstream>/sp1/crates/prover/src/lacuna_eval.rs::build_op_program:93 / build_op_mem_program:132,NA (built in-process)
op_mul,sp1,Single operation,MUL,M-extension,"a=0x5A5, b=13 (RV64)",true,14,14,14,NA (whole program is the seed),NA,<upstream>/sp1/crates/prover/src/lacuna_eval.rs::build_op_program:93 / build_op_mem_program:132,NA (built in-process)
op_mulh,sp1,Single operation,MULH,M-extension,"a=0x5A5, b=13 (RV64)",true,14,14,14,NA (whole program is the seed),NA,<upstream>/sp1/crates/prover/src/lacuna_eval.rs::build_op_program:93 / build_op_mem_program:132,NA (built in-process)
op_mulhsu,sp1,Single operation,MULHSU,M-extension,"a=0x5A5, b=13 (RV64)",true,14,14,14,NA (whole program is the seed),NA,<upstream>/sp1/crates/prover/src/lacuna_eval.rs::build_op_program:93 / build_op_mem_program:132,NA (built in-process)
op_mulhu,sp1,Single operation,MULHU,M-extension,"a=0x5A5, b=13 (RV64)",true,14,14,14,NA (whole program is the seed),NA,<upstream>/sp1/crates/prover/src/lacuna_eval.rs::build_op_program:93 / build_op_mem_program:132,NA (built in-process)
op_mulw,sp1,Single operation,MULW,M-extension,"a=0x5A5, b=13 (RV64)",true,14,14,14,NA (whole program is the seed),NA,<upstream>/sp1/crates/prover/src/lacuna_eval.rs::build_op_program:93 / build_op_mem_program:132,NA (built in-process)
op_or,sp1,Single operation,OR,base-ALU,"a=0x5A5, b=13 (RV64)",true,14,14,14,NA (whole program is the seed),NA,<upstream>/sp1/crates/prover/src/lacuna_eval.rs::build_op_program:93 / build_op_mem_program:132,NA (built in-process)
op_rem,sp1,Single operation,REM,M-extension,"a=0x5A5, b=13 (RV64)",true,14,14,14,NA (whole program is the seed),NA,<upstream>/sp1/crates/prover/src/lacuna_eval.rs::build_op_program:93 / build_op_mem_program:132,NA (built in-process)
op_remu,sp1,Single operation,REMU,M-extension,"a=0x5A5, b=13 (RV64)",true,14,14,14,NA (whole program is the seed),NA,<upstream>/sp1/crates/prover/src/lacuna_eval.rs::build_op_program:93 / build_op_mem_program:132,NA (built in-process)
op_remuw,sp1,Single operation,REMUW,M-extension,"a=0x5A5, b=13 (RV64)",true,14,14,14,NA (whole program is the seed),NA,<upstream>/sp1/crates/prover/src/lacuna_eval.rs::build_op_program:93 / build_op_mem_program:132,NA (built in-process)
op_remw,sp1,Single operation,REMW,M-extension,"a=0x5A5, b=13 (RV64)",true,14,14,14,NA (whole program is the seed),NA,<upstream>/sp1/crates/prover/src/lacuna_eval.rs::build_op_program:93 / build_op_mem_program:132,NA (built in-process)
op_sll,sp1,Single operation,SLL,base-ALU,"a=0x5A5, b=13 (RV64)",true,14,14,14,NA (whole program is the seed),NA,<upstream>/sp1/crates/prover/src/lacuna_eval.rs::build_op_program:93 / build_op_mem_program:132,NA (built in-process)
op_sllw,sp1,Single operation,SLLW,base-ALU,"a=0x5A5, b=13 (RV64)",true,14,14,14,NA (whole program is the seed),NA,<upstream>/sp1/crates/prover/src/lacuna_eval.rs::build_op_program:93 / build_op_mem_program:132,NA (built in-process)
op_slt,sp1,Single operation,SLT,base-ALU,"a=0x5A5, b=13 (RV64)",true,14,14,14,NA (whole program is the seed),NA,<upstream>/sp1/crates/prover/src/lacuna_eval.rs::build_op_program:93 / build_op_mem_program:132,NA (built in-process)
op_sltu,sp1,Single operation,SLTU,base-ALU,"a=0x5A5, b=13 (RV64)",true,14,14,14,NA (whole program is the seed),NA,<upstream>/sp1/crates/prover/src/lacuna_eval.rs::build_op_program:93 / build_op_mem_program:132,NA (built in-process)
op_sra,sp1,Single operation,SRA,base-ALU,"a=0x5A5, b=13 (RV64)",true,14,14,14,NA (whole program is the seed),NA,<upstream>/sp1/crates/prover/src/lacuna_eval.rs::build_op_program:93 / build_op_mem_program:132,NA (built in-process)
op_sraw,sp1,Single operation,SRAW,base-ALU,"a=0x5A5, b=13 (RV64)",true,14,14,14,NA (whole program is the seed),NA,<upstream>/sp1/crates/prover/src/lacuna_eval.rs::build_op_program:93 / build_op_mem_program:132,NA (built in-process)
op_srl,sp1,Single operation,SRL,base-ALU,"a=0x5A5, b=13 (RV64)",true,14,14,14,NA (whole program is the seed),NA,<upstream>/sp1/crates/prover/src/lacuna_eval.rs::build_op_program:93 / build_op_mem_program:132,NA (built in-process)
op_srlw,sp1,Single operation,SRLW,base-ALU,"a=0x5A5, b=13 (RV64)",true,14,14,14,NA (whole program is the seed),NA,<upstream>/sp1/crates/prover/src/lacuna_eval.rs::build_op_program:93 / build_op_mem_program:132,NA (built in-process)
op_sub,sp1,Single operation,SUB,base-ALU,"a=0x5A5, b=13 (RV64)",true,14,14,14,NA (whole program is the seed),NA,<upstream>/sp1/crates/prover/src/lacuna_eval.rs::build_op_program:93 / build_op_mem_program:132,NA (built in-process)
op_subw,sp1,Single operation,SUBW,base-ALU,"a=0x5A5, b=13 (RV64)",true,14,14,14,NA (whole program is the seed),NA,<upstream>/sp1/crates/prover/src/lacuna_eval.rs::build_op_program:93 / build_op_mem_program:132,NA (built in-process)
op_xor,sp1,Single operation,XOR,base-ALU,"a=0x5A5, b=13 (RV64)",true,14,14,14,NA (whole program is the seed),NA,<upstream>/sp1/crates/prover/src/lacuna_eval.rs::build_op_program:93 / build_op_mem_program:132,NA (built in-process)
add,zisk,Single operation,ADD,base-ALU,"a=0x0123456789ABCDEF, b=0x1122334455667788",true,9818,1,1,NA (whole program is the seed),NA,"<upstream>/zisk/examples/lacuna-seed/src/main.rs (real compiled guest, cargo-zisk build --release)",NA (built in-process)
and,zisk,Single operation,AND,base-ALU,"a=0x0123456789ABCDEF, b=0x1122334455667788",true,9818,1,1,NA (whole program is the seed),NA,"<upstream>/zisk/examples/lacuna-seed/src/main.rs (real compiled guest, cargo-zisk build --release)",NA (built in-process)
divu,zisk,Single operation,DIVU,M-extension,"a=0x0123456789ABCDEF, b=0x1122334455667788",true,9818,1,1,NA (whole program is the seed),NA,"<upstream>/zisk/examples/lacuna-seed/src/main.rs (real compiled guest, cargo-zisk build --release)",NA (built in-process)
mul,zisk,Single operation,MUL,M-extension,"a=0x0123456789ABCDEF, b=0x1122334455667788",true,9818,1,1,NA (whole program is the seed),NA,"<upstream>/zisk/examples/lacuna-seed/src/main.rs (real compiled guest, cargo-zisk build --release)",NA (built in-process)
mulhu,zisk,Single operation,MULHU,M-extension,"a=0x0123456789ABCDEF, b=0x1122334455667788",true,9818,1,1,NA (whole program is the seed),NA,"<upstream>/zisk/examples/lacuna-seed/src/main.rs (real compiled guest, cargo-zisk build --release)",NA (built in-process)
sll,zisk,Single operation,SLL,base-ALU,"a=0x0123456789ABCDEF, b=0x1122334455667788",true,9818,1,1,NA (whole program is the seed),NA,"<upstream>/zisk/examples/lacuna-seed/src/main.rs (real compiled guest, cargo-zisk build --release)",NA (built in-process)
op_div,nexus,Single operation,NA,base-ALU,see driver,false,NA,NA,NA,NA,NA,<upstream>/nexus/prover2/machine/src/lacuna_eval.rs::build_op_elf (programmatic ElfFile; no guest toolchain),NA (built in-process)
op_divu,nexus,Single operation,NA,base-ALU,see driver,false,NA,NA,NA,NA,NA,<upstream>/nexus/prover2/machine/src/lacuna_eval.rs::build_op_elf (programmatic ElfFile; no guest toolchain),NA (built in-process)
op_mul,nexus,Single operation,NA,base-ALU,see driver,false,NA,NA,NA,NA,NA,<upstream>/nexus/prover2/machine/src/lacuna_eval.rs::build_op_elf (programmatic ElfFile; no guest toolchain),NA (built in-process)
op_mulh,nexus,Single operation,NA,base-ALU,see driver,false,NA,NA,NA,NA,NA,<upstream>/nexus/prover2/machine/src/lacuna_eval.rs::build_op_elf (programmatic ElfFile; no guest toolchain),NA (built in-process)
op_mulhsu,nexus,Single operation,NA,base-ALU,see driver,false,NA,NA,NA,NA,NA,<upstream>/nexus/prover2/machine/src/lacuna_eval.rs::build_op_elf (programmatic ElfFile; no guest toolchain),NA (built in-process)
op_mulhu,nexus,Single operation,NA,base-ALU,see driver,false,NA,NA,NA,NA,NA,<upstream>/nexus/prover2/machine/src/lacuna_eval.rs::build_op_elf (programmatic ElfFile; no guest toolchain),NA (built in-process)
op_rem,nexus,Single operation,NA,base-ALU,see driver,false,NA,NA,NA,NA,NA,<upstream>/nexus/prover2/machine/src/lacuna_eval.rs::build_op_elf (programmatic ElfFile; no guest toolchain),NA (built in-process)
op_remu,nexus,Single operation,NA,base-ALU,see driver,false,NA,NA,NA,NA,NA,<upstream>/nexus/prover2/machine/src/lacuna_eval.rs::build_op_elf (programmatic ElfFile; no guest toolchain),NA (built in-process)
